Процедура,"Объем, ₽","Цена, ₽",
DR.SUJ HAIR,1 мл,6600,
Dermalax Implant,1 мл,9800,
Dermalax Deep,1 мл,9800,
Juvederm Ultra 3,1 мл,19000,
Juvederm Ultra 4,1 мл,17800,
Juvederm Ultra Smile,0.55 мл,15000,
Juvederm Voluma,1 мл,20500,
Juvederm Volift,1 мл,20500,
Juvederm Volite,1 мл,19000,
Juvederm Volbella,1 мл,20500,
Neauvia Stimulate,1 мл,13900,
Neauvia Intense,1 мл,13900,
Neauvia Intense Lips,1 мл,13900,
Neauvia Intense LV,1 мл,13900,
Vimedica deep ,1 мл,8500,
Princess Filler,1 мл,10400,3
Princess Volume,1 мл,10600,
Revolax Fine,1 мл,7500,
Revolax Deep,1 мл,8500,
Revolax Sab-Q,1 мл,8500,
Sardenia Fine,1 мл,8500,
Sardenia Deep,1 мл,8500,
Sardenia Shape,1 мл,8500,
Sardenia Implant,1 мл,9500,
Stylage Special Lips,1 мл,13800,
Stylage S,1 мл,11100,
Stylage M,1 мл,12900,
Stylage L,1 мл,13500,
Stylage Xl,1 мл,15900,
Tesoro Implant,1 мл,9500,
Tesoro Sab-Q,1 мл,9500,
Tesoro Deep,1 мл,8500,
Tesoro Fine,1 мл,7500,
Neuramis Deep,1 мл,10000,
Neuramis Volume,1 мл,10000,
Vimedica fine,1 мл,7500,
Vimedica shape,1 мл,8500,
Sosum S,1 мл,7500,
Sosum M,1 мл,8500,
Sosum H,1 мл,9500,
Medeyra fine,1 мл,7500,
Medeyra deep,1 мл,8500,
Medeyra shape,1 мл,9500,
Celosome soft,1 мл,7500,
Celosome mid,1 мл,8500,
Celosome strong,1 мл,8500,
Celosome implant,1 мл,9500,
Elasty F,1 мл,7500,
Elasty D,1 мл,8500,
Elasty G,1 мл,9500,
The Jur Kiss,"1,1 мл",10900,
Richesse Red Volume,"1,1 мл",11000,
Hyamax extra deep,2 мл,12000,
Hyamax lips,1 мл,10000,
Hyamax volumizer ,1 мл,10000,
Hyamax huavital,2 мл,12000,
Neauvia stimulate,1 мл,14900,
Neauvia intense,1 мл,14900,
Neauvia intense lips,1 мл,14900,
Neauvia FLUX,1 мл,14900,
Neauvia intense LV,1 мл,14900,
Коррекция ,,1000,